pick,osm,name,ha,water_2019,water_2020,water_2021,water_2022,water_2023,water_2024,water_2025,water_2026,water_monsoon,green_2026,tags,edited,editor,place,lat,lon
1,w185473801,,0.1,0.0,0.0,0.0,0.0,0.0,0,0.0,0.0,0.048,0.092,natural=water;water=pond,2024-03-12,MapSpot,"Kalkere Channasandra Main Road, K. Channasandra, K Chennasandra, Bengaluru East City Corporation, Bengaluru, Bangalore East, Bengaluru Urban, Karnataka, 560016, India",13.03917,77.68052
2,w24543535,,0.884,0.0,0.0,0.0,0.068,0.0,0,0.0,0.0,0.0,0.145,natural=water,2025-08-05,Vonter,"Haralur Road, Kudlu, Bengaluru South City Corporation, Bengaluru, Anekal, Bengaluru Urban, Karnataka, 560068, India",12.88411,77.6563
3,w1289591437,,0.157,0.0,0.0,0.0,0.0,0.0,0,0.0,0.0,0.421,0.24,natural=water;water=pond,2024-06-05,DMTR0QYBCQ,"Bettadasanpura, Vittasandra, Bangalore South, Bengaluru Urban, Karnataka, 560100, India",12.84879,77.63066
4,w1176344097,,0.134,0.0,0.0,0.0,0.0,0.0,0,0.0,0.0,1.0,0.406,landuse=basin;natural=water;water=pond,2023-05-26,Ziyadatul Hikmah,"Bisanahalli, Hosakote taluk, Bengaluru North, Karnataka, 560117, India",12.99217,77.82335
5,w259175024,,0.627,0.0,0.0,0.0,0.0,0.0,0,0.0,0.0,0.964,0.588,natural=water,2014-01-31,Ashish Vijayaram,"Arekere, Doresanipalya, Bengaluru South City Corporation, Bengaluru, Bangalore South, Bengaluru Urban, Karnataka, 560076, India",12.8806,77.59134
6,w1173732096,,0.105,0.0,0.0,0.0,0.0,0.0,0,0.0,0.0,0.0,0.243,natural=water;water=pond,2023-05-17,Nirab Pudasaini,"Guddadhahalli, Yelahanka taluku, Bengaluru Urban, Karnataka, 562123, India",13.14567,77.45777
7,w1174604094,,0.528,0.0,0.19,0.152,0.52,0.98,0,0.284,0.152,0.641,0.088,landuse=basin;man_made=pond;natural=water,2023-05-20,janus Y,"Arakere, Yelahanka taluku, Bengaluru Urban, Karnataka, 560064, India",13.19521,77.53487
8,w1206768377,,0.122,0.0,0.0,0.0,1.0,1.0,0,0.0,0.0,1.0,0.321,landuse=basin;man_made=pond;natural=water,2023-09-11,Ziyadatul Hikmah,"Shankanipura, Hosakote taluk, Bengaluru North, Karnataka, 562114, India",13.09895,77.76861
9,w1353425198,,0.302,0.0,0.0,0.0,0.0,0.0,0,0.0,0.0,1.0,0.286,natural=water,2025-01-22,Vonter,"Hemmigepura, Bengaluru West City Corporation, Bengaluru, Bangalore South, Bengaluru Urban, Karnataka, 560060, India",12.9079,77.47789
10,w1235996544,,0.126,0.0,0.0,0.0,0.0,0.0,0,0.0,0.0,0.849,0.673,natural=water,2026-09-21,Vonter,"18th B Main Road, KSRTC Layout, JP Nagar 2nd Phase, JP Nagar, Bengaluru South City Corporation, Bengaluru, Bangalore South, Bengaluru Urban, Karnataka, 560078, India",12.9157,77.58962
11,w348102530,,0.111,0.0,0.0,0.0,0.0,0.0,0,0.0,0.0,1.0,0.302,natural=water;water=basin,2023-10-30,stretched_map,"BEML Layout 7th Phase, Pattanagere, Mylasandra, Bengaluru West City Corporation, Bengaluru, Bangalore South, Bengaluru Urban, Karnataka, 560059, India",12.91864,77.49361
12,w412922539,Leachate Pond,0.932,0.0,0.0,0.301,0.0,0.0,0,0.0,0.0,0.975,0.188,landuse=basin;name=Leachate Pond,2020-05-07,Baddiboy,"Manduru, Mandur, Bangalore East, Bengaluru Urban, Karnataka, 560049, India",13.08373,77.72394
13,w1179985719,,0.14,0.0,0.0,0.0,0.0,0.0,0,0.0,0.0,0.992,0.239,landuse=basin;man_made=pond;natural=water,2023-06-06,Nirab Pudasaini,"Banarahalli, Narayanakere, Hosakote taluk, Bengaluru North, Karnataka, 560067, India",12.95422,77.8556
14,w555922191,PU Lake,0.185,0.0,0.048,0.0,0.0,0.0,0,0.0,0.0,0.196,0.269,intermittent=no;name=PU Lake;natural=water;water=lake,2018-01-26,TdBm,"Kanaminake, Kaniminike, Bangalore South, Bengaluru Urban, Karnataka, 560074, India",12.86129,77.43853
15,w1193255145,,0.775,0.052,0.0,0.0,0.052,0.09,0,0.0,0.0,0.949,0.115,natural=water;water=pond,2023-07-30,arjunaraoc,"Chagalatti, Yelahanka taluku, Bengaluru Urban, Karnataka, 562149, India",13.11946,77.6581
