key,id,kind,name,text,fact
8860169685fffff,shivaram-karanth-layout,ground,Shivaram Karanth Layout,Farmland and scrub scraped for a new layout's road grid in 2024 and 2025.,"The biggest loss on the map: 9 of the 30 largest losses we checked, side by side."
886016963bfffff,shivaram-karanth-layout-east,ground,"Shivaram Karanth Layout, east block",A second block of the same layout. Fields gave way to a road grid in 2024.,
88618921a3fffff,k-dommasandra,ground,K Dommasandra and Kumbena Agrahara,Fields and a green wetland valley scraped and built on from 2023.,
88618920edfffff,varthur,ground,Varthur,Land beside Varthur Lake and the green valley west of its wetland cleared for building from 2023.,
886189208dfffff,panathur,ground,Panathur and the Varthur shore,"Green plots inside the village and along the lake shore built over, year after year since 2020.",
8861892c61fffff,ramapura,ground,Ramapura,Buildings spreading across farmland year after year.,
8861892a35fffff,kolathuru,ground,Kolathuru,"Farmland cut by the new ring highway in 2022, then a large warehouse in 2024.",
88618921c5fffff,channasandra,ground,Channasandra,A green block scraped between 2023 and 2026.,
886189206bfffff,mutsandra,ground,Mutsandra,Farmland turned into a construction site from 2022.,
88601451cbfffff,gudimavu,ground,Gudimavu,Plantation rows and fields cleared at the centre by 2026.,
88601451dbfffff,tagachaguppe,ground,Tagachaguppe,The northern half built as a layout from 2021.,
8861892f03fffff,hirandahalli,ground,Hirandahalli,Fields and wetland edges cleared in 2025 and 2026.,
8861892755fffff,gattahalli,ground,Gattahalli,Fields south of Gattahalli Lake built on between 2024 and 2026.,
8861892addfffff,bhaktarahalli,ground,Bhaktarahalli,Fields turned into sheds and buildings from 2022.,
w1254929806,guni-agrahara-lake,lake,Lake at Guni Agrahara,"A layout road laid along the lake's west edge, and the land around it scraped from 2024.",
w232880644,dooravaninagar-lake,lake,Lake at Dooravaninagar,"A road widened on its west side and rail works along its south edge, 2024 to 2026.",
w1039322029,medi-agrahara-lake,lake,Medi Agrahara Lake,A layout's road grid built right up to the shore in 2024.,
r14671536;w1210203298;w1210203299,thubarahalli-lake,lake,Thubarahalli Lake,"Towers built on the east edge, within 30 m of the water, by 2022.",
w1178402476,chittekarepalya-lake,lake,Chittekarepalya Lake,"Sheds built on the south edge, within 30 m of the water, in 2025 and 2026.",
w1254929807,bylakere-lake,lake,Bylakere Lake,Layout roads and plots laid around the lake between 2020 and 2023.,
w170311560,yarandahalli-kere,lake,Yarandahalli Kere,"The tank bed scraped in 2023, and a building on the north-east edge by 2025.",
w41668782,mallapura-lake,lake,"Lake at Mallapura, Nelamangala",A polyhouse and a building on the south-east edge in 2025 and 2026.,
