site,probe,expected,year,n_images,value,ndvi,mndwi
lalbagh,ndvi,flat,2016,0,,,
lalbagh,ndvi,flat,2017,2,0.45195113056269226,0.45195113056269226,-0.4069331538899414
lalbagh,ndvi,flat,2018,4,0.45825547636528935,0.45825547636528935,-0.42619622203724133
lalbagh,ndvi,flat,2019,12,0.4580382010320342,0.4580382010320342,-0.3520977183386967
lalbagh,ndvi,flat,2020,12,0.438252184688079,0.438252184688079,-0.3951524085283142
lalbagh,ndvi,flat,2021,12,0.4943777806915325,0.4943777806915325,-0.40218894344690787
lalbagh,ndvi,flat,2022,12,0.4649581862763294,0.4649581862763294,-0.3699575154616832
lalbagh,ndvi,flat,2023,12,0.474916865078625,0.474916865078625,-0.37251206717724716
lalbagh,ndvi,flat,2024,12,0.44978920135518935,0.44978920135518935,-0.3643996537633605
lalbagh,ndvi,flat,2025,13,0.5010820209414175,0.5010820209414175,-0.39707799699212754
lalbagh,ndvi,flat,2026,14,0.4759913094776183,0.4759913094776183,-0.3789926280566029
kaikondrahalli_lake,mndwi,flat/gain,2016,0,,,
kaikondrahalli_lake,mndwi,flat/gain,2017,2,0.061709038803949075,0.2895114338238074,0.061709038803949075
kaikondrahalli_lake,mndwi,flat/gain,2018,4,-0.11646242111591776,0.3724533126008233,-0.11646242111591776
kaikondrahalli_lake,mndwi,flat/gain,2019,12,0.07926808021632355,0.3527858909580432,0.07926808021632355
kaikondrahalli_lake,mndwi,flat/gain,2020,12,0.06885707874465294,0.34224558108943215,0.06885707874465294
kaikondrahalli_lake,mndwi,flat/gain,2021,12,0.1688156816198184,0.2262246035962051,0.1688156816198184
kaikondrahalli_lake,mndwi,flat/gain,2022,12,0.2027186549337902,0.1131059808160799,0.2027186549337902
kaikondrahalli_lake,mndwi,flat/gain,2023,12,0.1424976656323056,0.16180095243980794,0.1424976656323056
kaikondrahalli_lake,mndwi,flat/gain,2024,12,0.07379450821954679,0.2912077822540412,0.07379450821954679
kaikondrahalli_lake,mndwi,flat/gain,2025,13,0.10426021894539397,0.37932648187072027,0.10426021894539397
kaikondrahalli_lake,mndwi,flat/gain,2026,14,0.32728486378685234,0.45619527849100366,0.32728486378685234
kaikondrahalli_rim_50,ndvi,gain,2016,0,,,
kaikondrahalli_rim_50,ndvi,gain,2017,2,0.3167228732654234,0.3167228732654234,-0.37441418887991434
kaikondrahalli_rim_50,ndvi,gain,2018,4,0.3296156941731389,0.3296156941731389,-0.3971578963889269
kaikondrahalli_rim_50,ndvi,gain,2019,12,0.28095323802457006,0.28095323802457006,-0.34428711451546085
kaikondrahalli_rim_50,ndvi,gain,2020,12,0.29407823431775687,0.29407823431775687,-0.3549982913330454
kaikondrahalli_rim_50,ndvi,gain,2021,12,0.3528551498072234,0.3528551498072234,-0.3906078671594716
kaikondrahalli_rim_50,ndvi,gain,2022,12,0.3552861990480902,0.3552861990480902,-0.385033842219132
kaikondrahalli_rim_50,ndvi,gain,2023,12,0.3733900145406601,0.3733900145406601,-0.3896769469286181
kaikondrahalli_rim_50,ndvi,gain,2024,12,0.32544593822296514,0.32544593822296514,-0.37593889529684293
kaikondrahalli_rim_50,ndvi,gain,2025,13,0.3403008016497658,0.3403008016497658,-0.40251271477424355
kaikondrahalli_rim_50,ndvi,gain,2026,14,0.3291189874844268,0.3291189874844268,-0.3754632108465956
kaikondrahalli_rim_100,ndvi,gain,2016,0,,,
kaikondrahalli_rim_100,ndvi,gain,2017,2,0.2740131612253995,0.2740131612253995,-0.3710749903761811
kaikondrahalli_rim_100,ndvi,gain,2018,4,0.27409847235346063,0.27409847235346063,-0.3809293808260682
kaikondrahalli_rim_100,ndvi,gain,2019,12,0.22809921786586881,0.22809921786586881,-0.34370882451223733
kaikondrahalli_rim_100,ndvi,gain,2020,12,0.23693333452345305,0.23693333452345305,-0.34022747748003745
kaikondrahalli_rim_100,ndvi,gain,2021,12,0.29655260868949357,0.29655260868949357,-0.3736376092345946
kaikondrahalli_rim_100,ndvi,gain,2022,12,0.3063096079401036,0.3063096079401036,-0.3802245535072108
kaikondrahalli_rim_100,ndvi,gain,2023,12,0.3152197540126113,0.3152197540126113,-0.3802209875477639
kaikondrahalli_rim_100,ndvi,gain,2024,12,0.27146324020802526,0.27146324020802526,-0.37097463918700435
kaikondrahalli_rim_100,ndvi,gain,2025,13,0.3072318405937978,0.3072318405937978,-0.3956324014239553
kaikondrahalli_rim_100,ndvi,gain,2026,14,0.2787823102278764,0.2787823102278764,-0.3694805571279946
kaikondrahalli_rim_200,ndvi,gain,2016,0,,,
kaikondrahalli_rim_200,ndvi,gain,2017,2,0.24898347737748192,0.24898347737748192,-0.36919814580782945
kaikondrahalli_rim_200,ndvi,gain,2018,4,0.2469924714304578,0.2469924714304578,-0.37844886906082426
kaikondrahalli_rim_200,ndvi,gain,2019,12,0.19598903703803652,0.19598903703803652,-0.3387360297677094
kaikondrahalli_rim_200,ndvi,gain,2020,12,0.21021345231927116,0.21021345231927116,-0.328165894844294
kaikondrahalli_rim_200,ndvi,gain,2021,12,0.2653224122679288,0.2653224122679288,-0.35059709986711884
kaikondrahalli_rim_200,ndvi,gain,2022,12,0.26619170346786813,0.26619170346786813,-0.35905746914695796
kaikondrahalli_rim_200,ndvi,gain,2023,12,0.2704865566566595,0.2704865566566595,-0.3502978582167955
kaikondrahalli_rim_200,ndvi,gain,2024,12,0.23446385017647559,0.23446385017647559,-0.3438090713140223
kaikondrahalli_rim_200,ndvi,gain,2025,13,0.2711701277687071,0.2711701277687071,-0.36239482138799045
kaikondrahalli_rim_200,ndvi,gain,2026,14,0.23837102599444895,0.23837102599444895,-0.33997006998987417
varthur_built,ndvi,loss,2016,1,0.2735659502957412,0.2735659502957412,-0.531749856131646
varthur_built,ndvi,loss,2017,4,0.33927858981818576,0.33927858981818576,-0.470722865108451
varthur_built,ndvi,loss,2018,7,0.3325506549726846,0.3325506549726846,-0.48699361539911784
varthur_built,ndvi,loss,2019,24,0.26465161395917497,0.26465161395917497,-0.42954259630757596
varthur_built,ndvi,loss,2020,24,0.259700936947442,0.259700936947442,-0.4291996927069774
varthur_built,ndvi,loss,2021,24,0.310256992636108,0.310256992636108,-0.4519107479757319
varthur_built,ndvi,loss,2022,24,0.2962569266788258,0.2962569266788258,-0.4513371536457909
varthur_built,ndvi,loss,2023,24,0.2967384640049545,0.2967384640049545,-0.43000101902041626
varthur_built,ndvi,loss,2024,24,0.22266501095695868,0.22266501095695868,-0.3992790162759708
varthur_built,ndvi,loss,2025,26,0.2527020156956131,0.2527020156956131,-0.40562782940647474
varthur_built,ndvi,loss,2026,28,0.2100497807032835,0.2100497807032835,-0.3838672830306449
