h3,rank,rank_from_2020,change,locality,verdict,note,checked
88618921a3fffff,1,4,-0.2257,Kumbena Agrahara,"real loss, wetland",fields and mapped wetland patches scraped and built on from 2023,2026-09-23
8861892c69fffff,2,1,-0.2209,Aduru,lake works,Ramapura Kere: weed-covered lake bed and its wetland margin dug up from 2021,2026-09-23
88618921b5fffff,3,9,-0.1976,K Dommasandra,"real loss, wetland","green valley along a wetland channel, cleared for development from 2024",2026-09-23
8860169685fffff,4,2,-0.1955,Dr. Shivaram Karanth Layout,real loss,"Shivaram Karanth Layout: farmland scraped, road grid laid 2024",2026-09-23
8861892c61fffff,5,8,-0.1803,Ramapura,real loss,buildings spreading across farmland year after year; lake works at the south edge,2026-09-23
886016968bfffff,6,3,-0.1795,Dr. Shivaram Karanth Layout,real loss,Shivaram Karanth Layout: cleared 2024,2026-09-23
8860169681fffff,7,5,-0.173,Dr. Shivaram Karanth Layout,real loss,Shivaram Karanth Layout: road grid by 2025,2026-09-23
88618921a1fffff,8,16,-0.1698,Doddabanahalli,real loss,large construction site from 2023,2026-09-23
886189208dfffff,9,26,-0.1648,Panathur,real loss,"green plots inside the settlement built over, steadily from 2020",2026-09-27
88618920edfffff,10,29,-0.1627,Bengaluru East City Corporation,real loss,vegetated land west of the wetland cleared for construction from 2023; the wetland itself stays,2026-09-27
8861892031fffff,11,18,-0.156,Bengaluru East City Corporation,"real loss, wetland",dense green wetland valley thins from 2023; fields to the south built on,2026-09-27
8860169683fffff,12,6,-0.1536,Dr. Shivaram Karanth Layout,real loss,"Shivaram Karanth Layout: farmland scraped, road grid 2024",2026-09-27
88618920e5fffff,13,19,-0.1477,Varthur,real loss,"land beside Varthur Lake scraped from 2023, construction by 2026",2026-09-27
886016963bfffff,14,17,-0.1473,Dr. Shivaram Karanth Layout,real loss,Shivaram Karanth Layout: road grid 2024,2026-09-27
8861892f17fffff,15,13,-0.1453,Aduru,lake works,"same wetland margin as Ramapura Kere (rank 2), dug in patches from 2021-22; could be development, not confirmed",2026-09-27
88601696d5fffff,16,11,-0.145,Dr. Shivaram Karanth Layout,real loss,"Shivaram Karanth Layout: scraped 2024, road grid 2025",2026-09-27
8861892a35fffff,17,21,-0.1444,Kolathuru,real loss,"farmland: STRR highway through it in 2022, a large warehouse in 2024",2026-09-27
88618921c5fffff,18,27,-0.144,Channasandra,real loss,"green block in the north-east scraped 2023-26, another site to the south-east",2026-09-27
886189206bfffff,19,33,-0.1401,Mutsandra,real loss,farmland turned into a construction site from 2022,2026-09-27
88618920ebfffff,20,72,-0.1385,Varthur,real loss,"steady building on the Varthur shore; about half the drop is 2019 to 2020 along the lake edge, possibly weed at the shore; rank depends on 2019: rank 72 if the start year is 2020",2026-09-27
8860169687fffff,21,7,-0.1331,Dr. Shivaram Karanth Layout,real loss,Shivaram Karanth Layout: road grid 2024,2026-09-27
88601451cbfffff,22,34,-0.1305,Gudimavu,real loss,"plantation rows and fields, cleared in the centre by 2026",2026-09-27
886189203bfffff,23,67,-0.1247,Varthur,real loss,"fields east of Varthur built on, steadily; rank depends on 2019: rank 67 if the start year is 2020",2026-09-27
886189256bfffff,24,38,-0.1224,Yamalur,doubtful,"Bellandur shore: construction spreads from the south-east, but the lake margin was also being worked 2021-26; the two can't be separated",2026-09-27
88601451dbfffff,25,35,-0.1198,Tagachaguppe,real loss,north half built as a layout from 2021; the big green field in the south stays,2026-09-27
88601696d7fffff,26,10,-0.1192,Chikka Banavara,lake works,"Chikka Banavara Lake: the drop is 2024 to 2025, the year the lake was drained and dug; the land left is its shore",2026-09-27
8861892f03fffff,27,36,-0.1183,Hirandahalli,real loss,"fields and wetland edges cleared in the centre 2025-26, steady decline before that",2026-09-27
88618921e9fffff,28,168,-0.1178,Koralur,doubtful,wetland interior looks the same every year; most of the drop is 2019 to 2020 with no visible clearing; a construction site at the south edge only from 2025,2026-09-27
8861892021fffff,29,95,-0.1166,Naganayakana Kote,doubtful,farmland with no visible clearing; a steady decline that looks like a change of crops,2026-09-27
8861892755fffff,30,12,-0.1166,Gattahalli,real loss,fields south of Gattahalli Lake built on 2024-26,2026-09-27
8861892313fffff,31,93,-0.1149,Byalahalli,doubtful,farmland with no visible clearing; the decline looks like crop change,2026-09-27
8860169689fffff,32,14,-0.1136,Dr. Shivaram Karanth Layout,real loss,Shivaram Karanth Layout: road grid 2024,2026-09-27
886016969dfffff,33,22,-0.1123,Dr. Shivaram Karanth Layout,real loss,Shivaram Karanth Layout: road grid 2024,2026-09-27
8861892047fffff,34,149,-0.1118,Mutsandra,doubtful,"farmland; polyhouses appear 2025-26, but half the drop is 2019 to 2020 with no visible change",2026-09-27
88601696e3fffff,35,31,-0.1115,Dr. Shivaram Karanth Layout,real loss,Shivaram Karanth Layout (hex B of the deep dive): scraped 2024,2026-09-27
8861892addfffff,36,40,-0.1083,Bhaktarahalli,real loss,"fields to sheds and buildings from 2022, construction 2024-26",2026-09-27
8860169617fffff,37,30,-0.1072,Dr. Shivaram Karanth Layout,real loss,Shivaram Karanth Layout: road grid 2024,2026-09-27
88618938d1fffff,38,656,-0.106,Thindlu,doubtful,"farmland; the STRR highway crosses it in 2023, but most of the drop is 2019 to 2020, before the road",2026-09-27
88618920e3fffff,39,1807,-0.1054,Varthur,lake works,"Varthur Lake: the drop is 2019 to 2020, when the weed was cleared, then the bed was drained and dug 2021-23",2026-09-27
88618921bdfffff,40,39,-0.1052,K Dommasandra,real loss,dark green field in the south cleared from 2022; construction to the north-east 2024-26,2026-09-27
