h3,n_years_wet,wet_2019,wet_2026,peak_wet,caught_by
8860169481fffff,5,-0.4946,0.5147,0.6424,both
8860169667fffff,8,0.3166,0.4033,0.4033,both
88618920e1fffff,1,-0.2839,0.3834,0.3834,endpoint
88618928c7fffff,3,-0.4796,-0.5215,0.3378,recurrent
88618928c1fffff,3,-0.4716,-0.4682,0.3377,recurrent
8861893493fffff,8,0.2633,0.1643,0.3226,both
8860169485fffff,4,-0.5483,0.1514,0.3073,both
88618928e3fffff,2,-0.4904,-0.5234,0.2447,recurrent
88618928ebfffff,3,-0.4476,-0.4439,0.2263,recurrent
88618928cdfffff,2,-0.4409,-0.4512,0.1324,recurrent
88618928c3fffff,3,-0.5137,-0.563,0.1157,recurrent
88618928cbfffff,3,-0.4856,-0.5197,0.1105,recurrent
8861892ab5fffff,6,-0.1353,-0.4708,0.1004,both
8861892c95fffff,8,0.0946,-0.1745,0.0946,both
88601694abfffff,4,-0.5583,-0.1534,0.0531,both
8861892547fffff,4,-0.0048,-0.3683,0.0498,both
88618928c5fffff,3,-0.4474,-0.4395,0.0401,recurrent
8861892435fffff,7,0.0205,-0.0228,0.0396,both
8861892f5dfffff,8,0.0392,-0.1819,0.0392,both
8861892c69fffff,1,-0.4348,-0.002,-0.002,endpoint
8861892c01fffff,6,-0.0566,-0.4086,-0.0137,both
8860169489fffff,3,-0.4599,-0.2392,-0.0216,recurrent
8861892509fffff,2,-0.2493,-0.069,-0.0243,both
8861892431fffff,4,-0.0493,-0.2666,-0.027,both
8860169053fffff,5,-0.4685,-0.071,-0.0351,both
8861892ca9fffff,8,-0.0558,-0.0553,-0.0411,both
88618935c3fffff,1,-0.043,-0.5479,-0.043,endpoint
8861892c25fffff,2,-0.4396,-0.0632,-0.0632,both
88601696d7fffff,7,-0.1382,-0.1638,-0.0649,both
8861892e9dfffff,7,-0.1668,-0.3456,-0.066,both
886016928bfffff,7,-0.4337,-0.1748,-0.0722,both
88618928c9fffff,2,-0.4596,-0.4745,-0.0808,recurrent
8861892d9bfffff,7,-0.1221,-0.1071,-0.0911,both
8860169465fffff,3,-0.5251,-0.1059,-0.1059,both
8860145303fffff,8,-0.1093,-0.1277,-0.1074,both
8861892455fffff,3,-0.3965,-0.1135,-0.1135,both
8861892f4bfffff,8,-0.1672,-0.125,-0.1206,both
8861892425fffff,6,-0.1244,-0.156,-0.1244,both
88601451b7fffff,7,-0.2191,-0.1598,-0.1401,both
8860145967fffff,3,-0.3798,-0.1577,-0.141,both
8860169051fffff,5,-0.4517,-0.1937,-0.1561,both
88618920e3fffff,1,-0.4279,-0.1634,-0.1634,endpoint
8861893497fffff,2,-0.2133,-0.1748,-0.1748,both
8861892485fffff,5,-0.2936,-0.1834,-0.1762,both
8861892e57fffff,1,-0.3166,-0.1802,-0.1802,endpoint
8861892e55fffff,1,-0.3461,-0.1803,-0.1803,endpoint
88618924a9fffff,4,-0.3006,-0.1815,-0.1815,both
8861892c8dfffff,4,-0.1935,-0.3223,-0.1889,both
8860169661fffff,1,-0.2261,-0.1924,-0.1924,endpoint
8861892e51fffff,1,-0.3527,-0.2,-0.2,endpoint
