osm,name,ha,clean_px,scatter,change,readable,size
r10179602,Yelahanka Lake,96.12,1142,0.0145,0.0746,True,40-100
r10741847,Hemmigepura Kere,5.572,299,0.0201,-0.0151,True,5-10
r14671536;w1210203298;w1210203299,Thubarahalli Lake,7.093,323,0.0445,-0.1449,False,5-10
r15055978,Gulimangala Lake,12.335,353,0.0648,0.0094,False,10-40
r15546653;w170333546,Kitthiganahalli Bommasandra Lake,7.551,289,0.0935,-0.0945,False,5-10
r15912410,,1.247,114,0.0089,-0.0149,True,1-5
r15912449,,2.245,181,0.0164,0.0144,True,1-5
r15989383,Agrahara Lake,4.273,209,0.0236,0.0364,True,1-5
r15989750,Puttenahalli Lake,8.455,422,0.0434,0.2242,False,5-10
r15989751,Attur Lake,22.534,435,0.0419,0.0854,False,10-40
r16048376;w41206188,Allalasandra Lake,14.244,420,0.0167,0.0439,True,10-40
r16071328,Kodigehalli Lake,15.405,438,0.0281,0.0964,False,10-40
r16075392,Narsipura Lake,3.636,260,0.0336,0.1232,False,1-5
r16245927,Dasarahalli Tank,5.831,264,0.0155,0.0754,True,5-10
r16551234,Subramanyapura Lake,3.662,243,0.039,0.0564,False,1-5
r16673800,Thimmasandra,24.701,560,0.0214,0.1278,True,10-40
r17012230,Veerasandra Lake,3.074,247,0.0192,0.0466,True,1-5
r17062035,Panathuru Kere,4.156,233,0.0405,0.0809,False,1-5
r17083842,Deverabisanahalli Lake,3.736,205,0.0249,0.1559,False,1-5
r17083906,Doddakannelli Lake,7.032,287,0.038,0.0433,False,5-10
r17223075,Byrasandra Lake,2.837,208,0.0547,-0.0457,False,1-5
r17368637,Kannuru Lake,19.134,421,0.0503,0.1007,False,10-40
r17379150,Nayandahalli Lake,3.391,184,0.0673,0.1293,False,1-5
r17390865,Kalkere Lake,48.651,791,0.0356,0.0678,False,40-100
r17390866,Horamavu Agara Lake,14.408,346,0.0213,0.1273,True,10-40
r17426666,Goshala Lake,1.269,137,0.0329,-0.0326,False,1-5
r17426667,Mahadevapura Lake,7.525,264,0.0236,0.1892,True,5-10
r17431112,Yelachenahalli Kere,1.552,124,0.0275,0.154,False,1-5
r18077303,Kudlu Lake/Kere,3.221,211,0.0136,0.1069,True,1-5
r18077304,ITI Layout Lake,1.703,136,0.0217,0.1067,True,1-5
r18077306,Munekolala Lake,4.445,206,0.034,0.1866,False,1-5
r18077307,Seetharampalya Lake,4.029,189,0.0263,0.0611,False,1-5
r18077308,,2.365,141,0.025,0.0934,False,1-5
r18129933,,21.709,509,0.0257,0.0777,False,10-40
r1827922,,4.239,310,0.1221,0.0117,False,1-5
r1853330,Vengayyana Lake,14.171,465,0.02,-0.0848,True,10-40
r18575411,Doddathogur Lake,5.509,381,0.085,-0.007,False,5-10
r1857615,Halasuru lake,37.874,645,0.0413,-0.0444,False,10-40
r18772594,Kaggadasapura Lake,11.81,434,0.0555,-0.0591,False,10-40
r19063723,Doddabommasandra Kere,33.719,634,0.017,0.1758,True,10-40
r19306126,Varthur Lake,154.323,1476,0.0886,-0.2047,False,100+
r19353942,Ramapura Kere,51.792,758,0.1353,-0.4188,False,40-100
r19422828,Kammasandra Lake,13.969,504,0.0652,-0.0516,False,10-40
r19422830,Kammasandra Lake,6.883,320,0.0747,-0.065,False,5-10
r19427514,Choodasandra Lake,6.966,268,0.0498,-0.0172,False,5-10
r19470041,Thalaghattapura Lake,4.078,261,0.0601,-0.0935,False,1-5
r19470051,Bidare Agrahara Lake,3.591,238,0.0624,0.0655,False,1-5
r19509697,Begur Lake,42.834,655,0.0352,0.0872,False,40-100
r19509700,Arekere Lake,7.523,313,0.0322,-0.0957,False,5-10
r19509702,Kalena Agrahara lake,1.491,172,0.0194,0.1128,True,1-5
r19556136,Thirupalya Lake,4.506,216,0.0716,-0.0319,False,1-5
r19579350,Heelalige Lake,6.664,239,0.0806,-0.2896,False,5-10
r19751547;w1409994956,Bellandur Lake,315.798,2423,0.0761,-0.2501,False,100+
r20385748,,9.223,559,0.0273,0.0166,False,5-10
r20742762,Doddanekundi Lake,36.694,601,0.0282,-0.0064,False,10-40
r21057552,,2.1,249,0.0534,0.0251,False,1-5
r21373539,Vidyaranyapura Kere,1.651,142,0.0299,-0.0276,False,1-5
r21390988,Amruthalli Lake,5.458,250,0.0312,0.0975,False,5-10
r2310400,Chelekere,2.909,243,0.0393,0.1561,False,1-5
r2310417,Madiwala Lake,82.841,1101,0.0371,0.0241,False,40-100
r3120373,Iblur Lake,2.364,160,0.0082,0.1621,True,1-5
r3127245,Benniganahalli Lake,5.843,259,0.0179,-0.0231,True,5-10
r3507925,Puttenhalli Lake,3.4,204,0.0165,0.0336,True,1-5
r3816212,Mathikere Lake,4.315,461,0.0608,-0.1102,False,1-5
r5660111,Anchepalya Lake,21.494,586,0.0156,-0.0298,True,10-40
r6030715;w1214107286,Sankey Tank,12.849,441,0.0405,-0.0097,False,10-40
r6041559,Rachenahalli Lake,35.848,696,0.0169,0.1234,True,10-40
r6183523,Chinnappanahalli Lake,2.259,159,0.0221,-0.0062,True,1-5
r6586695,Herohalli Kere,9.868,325,0.0146,0.0672,True,5-10
r6586696,Kommagatta Lake,11.247,355,0.0186,0.0231,True,10-40
r6820030,Kaikondrahalli Lake,16.535,404,0.0211,0.0206,True,10-40
r8250847,Lal Bahadur Shastri Nagar Lake,11.153,489,0.016,0.1224,True,10-40
r8469370;w1109878805,Agara Lake,26.782,534,0.0264,0.1236,False,10-40
r8754543,Hebbal Lake,45.342,827,0.056,0.0343,False,40-100
r9269383,Sarakki Kere,21.371,567,0.0306,0.158,False,10-40
r9321012,Jakkur Lake,49.695,951,0.0135,0.0814,True,40-100
r9362927,Yediyur Lake,3.89,188,0.019,0.0587,True,1-5
r9431132,,3.94,251,0.0458,-0.0123,False,1-5
r9432609,Seegehalli Lake,7.777,356,0.0229,0.0942,True,5-10
w1025444560,quarry water,4.928,260,0.0175,0.0099,True,1-5
w1025447742;w1025447743,,3.963,259,0.0187,-0.0148,True,1-5
w1025447749,quarry catchment,1.913,133,0.051,-0.028,False,1-5
w1025447750,quarry catchment,1.403,121,0.0253,0.0868,False,1-5
w1025474624,,1.41,134,0.0122,0.0698,True,1-5
w1025474625,,1.03,97,0.0265,0.0138,False,1-5
w1029924034,,48.437,699,0.0264,0.1237,False,40-100
w1029925474,,1.589,122,0.0212,-0.0051,True,1-5
w1039322029,Medi Agrahara Lake,5.578,278,0.0594,-0.1721,False,5-10
w1054489002;w1054822214;w1353425196,Nagarbhavi Thorai,38.925,6044,0.0112,0.008,True,10-40
w1054822215;w1054822222;w1537476866,Nagarbhavi Thorai,14.226,2782,0.0142,0.0104,True,10-40
w1062555441,Chikkabelanduru Kere,10.779,436,0.0365,0.0161,False,10-40
w1066603079,Shingena Agrahara Lake,48.92,709,0.0251,0.0721,False,40-100
w1069600838,,4.345,234,0.0509,0.033,False,1-5
w1069600852,Halanayakanahalli Lake,24.272,564,0.0226,-0.0031,True,10-40
w1075569422,,1.306,120,0.0302,0.0511,False,1-5
w1075569432,,7.052,275,0.0183,0.0931,True,5-10
w1075569433,Channenahalli Lake,2.039,170,0.0374,0.108,False,1-5
w1075575770;w1174054887,,11.725,366,0.0233,0.0596,True,10-40
w1075575782,,4.074,228,0.0205,0.0712,True,1-5
w1076391830,,4.302,254,0.0216,0.0308,True,1-5
w1077021235,Hosahalli Lake,3.157,190,0.0353,0.0281,False,1-5
w1077022610,,8.35,273,0.0247,0.0392,True,5-10
w1077022611,,3.299,165,0.0309,-0.0228,False,1-5
w1077022612,,4.551,251,0.0434,-0.0645,False,1-5
w1077022613,,7.397,286,0.0526,-0.1255,False,5-10
w1077022622,,4.949,256,0.0815,0.0021,False,1-5
w1080799525,,2.829,213,0.0404,0.1566,False,1-5
w1082360487,Subrayana Lake,1.038,139,0.0485,-0.0532,False,1-5
w1082724729,,1.153,122,0.0517,0.053,False,1-5
w1084735141,,5.738,218,0.0278,0.0793,False,5-10
w1085948638,,1.182,120,0.022,0.1839,True,1-5
w1088209009,Gunjuru Palya Lake,12.839,324,0.0353,-0.0216,False,10-40
w1088218590,,7.006,323,0.0204,0.0776,True,5-10
w1089113278,,12.584,380,0.0277,0.0623,False,10-40
w1092680601,Sulakunte Lake,6.882,257,0.0195,-0.0023,True,5-10
w1092680603,Kodathi Kere,5.438,206,0.0326,0.3318,False,5-10
w1092680606,Hegondanahalli Lake,4.814,257,0.0471,-0.0726,False,1-5
w1092680608,Hagondahalli Lake,2.137,141,0.0522,0.025,False,1-5
w1092686471,,10.029,359,0.0196,0.0016,True,10-40
w1092941855,Nanjapura Lake,5.421,275,0.0222,0.021,True,5-10
w1092941877,,6.116,240,0.0426,0.1182,False,5-10
w1092941881,Dommasandra Lake,11.848,345,0.0345,0.0087,False,10-40
w1092941882,Thiagalara Chowdenahalli Lake,8.771,281,0.0165,0.0688,True,5-10
w1092941890,Manduru Lake,8.456,359,0.0317,-0.0066,False,5-10
w1092941892,Kannamangala Lake,3.491,216,0.048,0.0189,False,1-5
w1092941893,Bhaktarahalli Lake,18.419,418,0.0419,-0.0375,False,10-40
w1092941895,Koralur Lake,6.62,320,0.0293,-0.006,False,5-10
w1094215989,Kyalasanahalli Lake,8.945,309,0.0251,0.0582,False,5-10
w1094218614,Vabasandra Lake,2.233,166,0.0297,0.0326,False,1-5
w1104465194,,6.12,308,0.0351,-0.0066,False,5-10
w1110948089,Shikaripalya Lake,1.32,106,0.0413,-0.1568,False,1-5
w1114982297,,1.233,126,0.0144,-0.0184,True,1-5
w111563782,Haralur Lake,7.944,343,0.0179,0.0516,True,5-10
w1117566142,,2.606,199,0.03,-0.0636,False,1-5
w111871728,Basapura Lake,2.607,192,0.068,0.0757,False,1-5
w111871740,Begur Kere,2.882,216,0.0323,0.1621,False,1-5
w111871772,Basapura Lake,2.2,166,0.0225,0.2502,True,1-5
w1118844142,Andapura Lake,1.141,120,0.0433,0.0359,False,1-5
w1118946163,Gubbalala Kere,1.964,153,0.0688,-0.1289,False,1-5
w1119204854,,6.575,259,0.059,-0.0215,False,5-10
w1119637970,Iggaluru Lake,11.119,290,0.0285,0.0741,False,10-40
w1120171565,,1.497,122,0.0223,-0.0394,True,1-5
w1120171566,,3.415,233,0.0247,0.0798,True,1-5
w1120171569,,5.771,249,0.0124,0.0426,True,5-10
w1120291639,,4.165,208,0.03,0.0831,False,1-5
w1127727172,,4.262,191,0.0224,0.0283,True,1-5
w1127727173,,2.415,162,0.0325,-0.0438,False,1-5
w1136162552,,5.359,225,0.0163,0.0755,True,5-10
w1143880775,,3.754,214,0.0271,0.004,False,1-5
w1144246453,Singanayakanahalli Lake,4.275,234,0.0257,0.0709,False,1-5
w1147126248,Neriga Lake,10.49,317,0.0562,-0.0447,False,10-40
w1148284185,Tarahunase Lake,11.142,366,0.0308,0.1098,False,10-40
w1157120542,,8.058,315,0.0569,0.0273,False,5-10
w1157120543,,4.909,255,0.0383,-0.0817,False,1-5
w1157366535,Sampigehalli Lake,2.944,175,0.0598,-0.0591,False,1-5
w1162717386,,5.018,246,0.0249,0.0367,False,5-10
w1164130469,,1.225,155,0.0464,-0.0695,False,1-5
w1164132591,,3.99,245,0.0392,-0.0273,False,1-5
w1164132592,,5.596,264,0.0316,-0.0625,False,5-10
w1164135399,,14.415,434,0.0258,0.0078,False,10-40
w1164244330,,1.74,157,0.0431,-0.0008,False,1-5
w1164333627,,5.783,319,0.0412,-0.0422,False,5-10
w1164335684,,8.274,344,0.0429,0.0105,False,5-10
w1164540809,,4.667,263,0.0634,-0.0176,False,1-5
w1164540825,,3.287,229,0.0639,-0.0239,False,1-5
w1164540855,,8.519,325,0.0352,0.037,False,5-10
w1164540856,,1.868,157,0.0507,0.059,False,1-5
w1164642154,,2.34,164,0.0359,0.2164,False,1-5
w1164667818,,5.022,254,0.0529,0.0004,False,5-10
w116792836,Deepanjali Nagara Kere,1.417,132,0.0108,0.1152,True,1-5
w1168456336,,4.509,218,0.0493,-0.0671,False,1-5
w1171487456,,8.766,311,0.0439,-0.0258,False,5-10
w1172399294,,1.566,140,0.0299,0.1287,False,1-5
w1173737831,Biijaji Lake,8.252,289,0.0317,0.1242,False,5-10
w1174006322,,5.193,216,0.0167,-0.0161,True,5-10
w1174584174;w1545077865,,4.311,188,0.0107,0.0485,True,1-5
w1174584396,,1.901,173,0.0344,0.1113,False,1-5
w1174690174,,4.455,198,0.0741,0.0818,False,1-5
w1174697930,,4.073,200,0.0129,0.0464,True,1-5
w1174750888,Bettahalasuru Lake,7.985,309,0.0382,0.1259,False,5-10
w1175297452;w379036231,,46.173,870,0.0138,0.0768,True,40-100
w1175521514,,7.458,293,0.0197,0.0524,True,5-10
w1175624139,,1.235,149,0.0242,0.0983,True,1-5
w1175827114,,11.876,400,0.0274,-0.0146,False,10-40
w1176314345,,3.98,208,0.0483,-0.0081,False,1-5
w1176324759,,1.421,163,0.046,0.0141,False,1-5
w1176349373,,2.327,203,0.0357,0.0149,False,1-5
w1176513382,,1.852,199,0.0093,0.0816,True,1-5
w1176521842;w1176525308;w1176525309;w1176525310;w1176525311,,8.682,355,0.0507,-0.0524,False,5-10
w1176526192;w1176526193,,9.642,347,0.0303,-0.0643,False,5-10
w1176529193,,5.808,255,0.0181,0.034,True,5-10
w1176855688,,2.304,141,0.0292,0.079,False,1-5
w1176859303,,1.346,128,0.0363,-0.1667,False,1-5
w1177178155,,2.45,149,0.0375,-0.0703,False,1-5
w1177473328,,13.448,395,0.053,-0.0672,False,10-40
w1178233871;w176779907,,24.172,691,0.0248,-0.0285,False,10-40
w1178402458,Sakalavara Lake,7.523,300,0.0275,0.0346,False,5-10
w1178402475,,3.339,229,0.0429,-0.0053,False,1-5
w1178402476,Chittekarepalya Lake,1.096,122,0.0206,-0.1382,True,1-5
w1178402477,Hommadevanahalli Lake,4.555,212,0.0231,-0.0093,True,1-5
w1178402478,,1.362,123,0.0522,-0.0089,False,1-5
w1178402479,Mylasandra Chikka Kere,1.212,121,0.0346,-0.0363,False,1-5
w1178402480,,1.951,144,0.0544,0.0364,False,1-5
w1178402481,,1.504,126,0.0376,-0.057,False,1-5
w1178402482,,3.522,187,0.0868,-0.0675,False,1-5
w1179957484,,1.886,162,0.0406,-0.0331,False,1-5
w1179986847,,8.756,357,0.0283,-0.0385,False,5-10
w1180134190;w443837811,,25.393,553,0.0211,-0.0169,True,10-40
w1180240726,,4.086,256,0.0241,-0.0905,True,1-5
w1180257382,,1.59,155,0.0434,-0.0344,False,1-5
w1180261091;w1186340189,,23.256,477,0.0232,0.0645,True,10-40
w1181417682,Chikkabettahalli Lake,1.867,167,0.0233,0.0751,True,1-5
w1181441789,,3.906,242,0.0089,0.0005,True,1-5
w1181720335,,1.03,137,0.0464,-0.0075,False,1-5
w1181958955,,3.461,180,0.0425,-0.0058,False,1-5
w1182812730,Huvinayakanahalli Lake,8.099,356,0.016,0.0052,True,5-10
w118415616,Krishna Nagara Lake,4.459,253,0.0225,0.0745,True,1-5
w118415657,Avalahalli Lake,5.171,290,0.0239,0.1095,True,5-10
w1186908539,Sarjapur Doddakere Lake,78.536,857,0.0122,0.0639,True,40-100
w1187853074,,12.797,346,0.029,0.0123,False,10-40
w1187853143,,4.011,220,0.0319,0.0548,False,1-5
w1187853144,,29.607,553,0.0415,-0.0191,False,10-40
w1188681265,,8.811,336,0.0277,0.0835,False,5-10
w1188681266,,1.445,115,0.0327,0.0744,False,1-5
w1188681267,,4.068,221,0.0211,0.0978,True,1-5
w1188681268,,1.943,146,0.0268,0.0628,False,1-5
w1188681269,,1.202,110,0.0115,0.045,True,1-5
w1188681270,,2.613,151,0.0304,-0.0758,False,1-5
w1188681271,,5.55,252,0.0271,-0.0348,False,5-10
w1188681272,,3.168,233,0.0315,-0.0027,False,1-5
w1188681274,,2.902,158,0.0315,0.1685,False,1-5
w1188681275,,4.906,248,0.0443,-0.0349,False,1-5
w1188681276,,21.312,496,0.0143,0.0595,True,10-40
w1188681278,,1.318,124,0.0299,-0.0056,False,1-5
w1188681279,,4.821,283,0.013,0.0388,True,1-5
w118906503,Chudahalli Lake,50.682,784,0.0277,0.0668,False,40-100
w1189065715,,3.88,262,0.0704,-0.0908,False,1-5
w118910872,Doddakalasandra Lake,5.811,254,0.0519,0.0503,False,5-10
w118910873,Vasanthapura Lake,1.811,173,0.0322,0.0196,False,1-5
w1189440572,,1.64,157,0.0768,-0.0766,False,1-5
w1189923475,,7.797,314,0.0377,0.1022,False,5-10
w1190086717,,9.057,353,0.0257,0.0474,False,5-10
w1190086718,,5.465,252,0.0476,0.0574,False,5-10
w1190848302,,5.592,257,0.0333,-0.0413,False,5-10
w119132391,Rayasandra Lake,27.3,510,0.0349,0.0152,False,10-40
w119132971,Chikka Beguru Lake,9.844,363,0.023,0.0236,True,5-10
w1196979987,,9.619,326,0.0203,0.0304,True,5-10
w1197463454,,17.472,484,0.0247,0.037,True,10-40
w1199400807,Basavanapura Pond,1.675,157,0.0732,-0.0513,False,1-5
w1199400889,Chandrasekhar Layout Lake,1.516,139,0.0131,0.1073,True,1-5
w1204457738,,3.613,198,0.0217,0.0029,True,1-5
w1204642038,,1.3,137,0.022,-0.0076,True,1-5
w1204642039,,1.695,179,0.0131,0.0115,True,1-5
w120904870,Kundalahalli Lake,7.498,304,0.0751,0.0591,False,5-10
w1215967893,,7.389,308,0.0241,0.0334,True,5-10
w1216749667,,39.886,700,0.0309,0.0159,False,10-40
w1221252644,,2.737,239,0.0775,0.0192,False,1-5
w122129754,Pattandur Agrahara Kunte,3.549,186,0.0189,0.0938,True,1-5
w1226525966,Yerappanahalli Lake,4.123,233,0.0356,-0.0215,False,1-5
w1233282888,,9.566,442,0.0504,0.1016,False,5-10
w1235801132,,7.08,291,0.0406,0.0109,False,5-10
w1237972006,Thathaguni Agara Kere,4.695,277,0.0142,0.0522,True,1-5
w1241600166,,2.932,188,0.0333,-0.0454,False,1-5
w124551169,,4.444,222,0.0256,0.0308,False,1-5
w124797587,Agara Lake,20.178,583,0.0291,0.0174,False,10-40
w1248136351,,1.634,136,0.063,0.0396,False,1-5
w1252307869,,14.351,392,0.0218,0.0019,True,10-40
w1253477235;w1253477236,,2.474,212,0.015,0.1699,True,1-5
w1254929805,Lakshmipura Lake,1.854,160,0.062,-0.174,False,1-5
w1254929806,,1.355,140,0.0623,-0.1911,False,1-5
w1254929807,Bylakere Lake,5.265,224,0.0538,-0.1347,False,5-10
w1255316382,,4.731,968,0.0102,-0.0027,True,1-5
w1256459767,,1.885,153,0.037,0.0276,False,1-5
w125758396,Gattahalli Lake,25.639,531,0.0275,0.1511,False,10-40
w1259570063,,1.561,150,0.0369,0.0081,False,1-5
w1261593074;w1261593075,,7.462,279,0.0329,0.1009,False,5-10
w1264709151,,1.612,147,0.0267,0.0076,False,1-5
w1265780959,,3.2,199,0.0205,0.01,True,1-5
w126890297,Akshaynagar Lake,1.19,142,0.0277,0.1833,False,1-5
w1273317568,,2.664,163,0.0404,0.1956,False,1-5
w1281359323,,2.394,154,0.0298,0.0086,False,1-5
w128229795,,1.441,143,0.0382,-0.0023,False,1-5
w128310896,,1.121,115,0.021,0.0143,True,1-5
w1283528231,Chikkadasarahalli Lake,2.906,191,0.0364,-0.0379,False,1-5
w1283528232,Yamare Lake,7.588,332,0.0081,0.1091,True,5-10
w1283528233,Sompura Lake,8.678,389,0.0362,0.0271,False,5-10
w1283528234,Ittangur Lake,12.83,387,0.018,0.0298,True,10-40
w1286010899,,3.483,177,0.0361,0.0536,False,1-5
w1293616839,Kakolu Lake,123.745,1269,0.0193,0.0825,True,100+
w1297658634,,2.082,182,0.0348,0.1437,False,1-5
w1298349248,Cheemasandra Lake,7.614,301,0.0178,-0.0117,True,5-10
w130111880,Nallurahalli Lake,8.857,351,0.0596,-0.1294,False,5-10
w1303226385,,4.167,196,0.0223,-0.036,True,1-5
w1303226404,Adde Vishwanathapura Lake,11.247,344,0.02,0.1155,True,10-40
w1308260482,Byalakere Lake,4.041,229,0.0441,-0.0133,False,1-5
w1308260487,Byalakere Lake,7.258,292,0.0465,-0.0239,False,5-10
w1320965775,,1.33,120,0.0412,-0.0842,False,1-5
w1329403181,,1.774,144,0.0199,0.0983,True,1-5
w132997931,Halagevader Halli Lake,2.845,168,0.028,0.0208,False,1-5
w1330922585,,5.802,295,0.031,0.0216,False,5-10
w133125939,Hunasemaranahalli Lake,8.51,277,0.0343,0.0835,False,5-10
w1331923007,,8.693,279,0.0385,0.0814,False,5-10
w1333664338,,5.283,386,0.021,-0.049,True,5-10
w1333666287,,2.6,159,0.0263,-0.0081,False,1-5
w133729401,Hosakere,12.882,456,0.0499,0.1511,False,10-40
w133729402,Singasandra Lake,2.011,155,0.0234,0.0167,True,1-5
w1344973950,Lingadeeranahalli Lake,1.754,140,0.049,-0.0828,False,1-5
w1346134985,,1.013,116,0.013,0.0199,True,1-5
w1346841565,,1.25,117,0.0647,-0.0187,False,1-5
w1348507985,,4.211,205,0.0237,-0.0236,True,1-5
w1348507986,,4.872,187,0.021,0.0019,True,1-5
w1348507987,,2.315,123,0.0335,0.018,False,1-5
w1348507988,,5.086,205,0.0262,-0.0289,False,5-10
w1349913931,Beratena Agrahara Lake,5.171,236,0.0215,-0.0618,True,5-10
w135051892,Hoodi Lake,3.402,212,0.021,0.1056,True,1-5
w1352492210,,3.271,174,0.0304,0.2242,False,1-5
w135267829,Kammagondanahalli Lake,7.465,270,0.0341,0.1878,False,5-10
w1353425192,,1.451,386,0.0135,-0.0194,True,1-5
w135398428,B Narayanapura Lake,1.246,135,0.0255,0.0706,False,1-5
w1355958858;w217565211;w324206934,,3.797,1058,0.0193,-0.0116,True,1-5
w135783242,,1.468,127,0.0451,-0.0695,False,1-5
w1362803098,,6.298,269,0.0573,0.0526,False,5-10
w1362803102,,6.097,256,0.0313,0.0769,False,5-10
w1362839966,,11.48,373,0.0181,-0.0054,True,10-40
w1362839980,,3.96,257,0.021,0.0797,True,1-5
w1363011942,,3.068,186,0.0196,0.0577,True,1-5
w136445345,,6.739,284,0.0036,0.054,True,5-10
w1366035445,,2.801,164,0.0337,0.0218,False,1-5
w1366035446,,3.273,211,0.0219,0.0046,True,1-5
w1368339289,,1.3,127,0.0183,-0.0252,True,1-5
w1368604682,,1.913,140,0.0408,-0.0424,False,1-5
w1368604683,,3.984,225,0.0204,-0.0289,True,1-5
w137539703,Basavanapura Kere,3.532,181,0.0229,0.0927,True,1-5
w137539770,Bhattarahalli Lake,3.33,178,0.0174,0.1038,True,1-5
w1382288524,,2.524,168,0.0209,-0.0755,True,1-5
w1390619967,,1.339,119,0.037,0.1018,False,1-5
w1391741013,,2.195,153,0.022,0.0353,True,1-5
w1395880731,B Channasandra Lake,1.704,131,0.0373,-0.0295,False,1-5
w1409396203,,10.745,363,0.0145,0.0159,True,10-40
w1409426375,,2.383,149,0.0527,-0.0591,False,1-5
w1421391125,,2.502,177,0.0581,-0.0074,False,1-5
w1421748891,Devara Kere,3.423,211,0.0407,0.0065,False,1-5
w1422345954,,2.264,146,0.0279,0.0336,False,1-5
w142298792,,1.646,164,0.0101,0.0228,True,1-5
w1428242268,,7.434,268,0.0221,0.0591,True,5-10
w1428242307,,6.223,243,0.0116,0.0036,True,5-10
w1428242507,,4.452,220,0.0331,0.12,False,1-5
w1428287179,,6.9,254,0.0332,-0.033,False,5-10
w1428287181,,8.716,410,0.0284,0.0619,False,5-10
w1428287227,,3.304,222,0.0284,-0.0269,False,1-5
w1428287261,,4.928,214,0.026,-0.0169,False,1-5
w1428287262,,7.314,262,0.0263,0.0526,False,5-10
w1428537948,,1.359,132,0.0509,-0.0209,False,1-5
w1428544425,,5.374,243,0.0333,-0.0495,False,5-10
w1434880597,,3.914,187,0.0576,-0.0766,False,1-5
w1435133939,,3.501,187,0.0447,0.03,False,1-5
w1435693673,,12.757,358,0.0271,0.0128,False,10-40
w145430164,,7.73,303,0.0204,-0.045,True,5-10
w145513538,,1.232,132,0.0437,0.1571,False,1-5
w145513549,Andrahalli Lake,3.554,170,0.0588,0.0177,False,1-5
w1457101313,,8.457,263,0.0354,0.0939,False,5-10
w1457101314,,7.135,279,0.0145,0.0396,True,5-10
w1457563139,,1.719,164,0.0118,-0.0219,True,1-5
w1458008252,,1.819,127,0.0383,0.038,False,1-5
w1459998543,,4.677,255,0.0457,-0.0555,False,1-5
w1459998544,,1.449,124,0.0252,0.0235,False,1-5
w146003047,Kachohalli Kere,20.146,447,0.0206,-0.0249,True,10-40
w1460247116,,3.529,208,0.0241,0.1241,True,1-5
w146447556,,22.142,570,0.0228,0.0636,True,10-40
w146447604,Ullal Lake,9.856,352,0.013,0.1393,True,5-10
w146752354,Manganahalli Lake,1.136,123,0.0298,0.0439,False,1-5
w146767843,Sheegehalli Lake,2.613,197,0.0185,0.0323,True,1-5
w146767872,,1.116,121,0.0343,-0.0092,False,1-5
w148216683,Gunjuru Lake,20.615,461,0.0499,-0.2144,False,10-40
w1490036085,,2.799,174,0.0345,0.1001,False,1-5
w1493868578,,2.89,211,0.0317,0.0488,False,1-5
w1501275484,,6.044,361,0.0353,0.1121,False,5-10
w1512357739,,4.963,239,0.0389,-0.0149,False,1-5
w1512357826,,6.759,242,0.0232,0.0705,True,5-10
w1512678693,Kadiganahalli Tank,3.338,172,0.0721,-0.1455,False,1-5
w1524240214,,2.857,183,0.0195,0.0432,True,1-5
w1532541092,,7.921,281,0.0347,-0.0023,False,5-10
w1547872070,,2.738,201,0.0495,-0.07,False,1-5
w169987367,,2.088,134,0.0366,0.0572,False,1-5
w170311560,Yarandahalli Kere,3.232,190,0.0267,-0.1005,False,1-5
w170447464,Vittasandra Lake,4.025,240,0.0239,0.0482,True,1-5
w171771792,Shikaripalya Lake,3.19,177,0.0362,-0.1517,False,1-5
w171780901,,6.593,263,0.0859,-0.0973,False,5-10
w171780903,,5.989,307,0.0242,0.0317,True,5-10
w172651048,Uttarahalli Lake,3.801,193,0.0165,0.0428,True,1-5
w172651056,Sunkalpalya Lake,5.154,229,0.022,0.0029,True,5-10
w172651060,Mylasandra Tank,3.164,184,0.0224,-0.11,True,1-5
w172671189,,1.463,128,0.0163,0.0343,True,1-5
w172671192,Konasandra Lake,10.517,309,0.028,0.0073,False,10-40
w172845847,Lalbagh Tank,12.423,445,0.0198,-0.0402,True,10-40
w172938152,Byrasandra Melina Kere,4.077,228,0.027,-0.005,False,1-5
w172954317,Kacharakanahalli Lake,5.992,273,0.0286,-0.0833,False,5-10
w175293916,Palace Grounds Lake,3.41,184,0.0298,0.0822,False,1-5
w175396211,Virasandra,3.45,202,0.0317,0.0185,False,1-5
w182177278,Kadiranpalaya Kere,4.867,207,0.0333,0.0884,False,1-5
w183869113,,2.955,206,0.0224,0.0008,True,1-5
w185479477,Nimbekaipura Lake,4.578,311,0.0319,-0.0221,False,1-5
w190584885,Mallasandra Lake,4.425,215,0.0295,0.025,False,1-5
w193671225,Katamanallur Lake,3.725,186,0.0268,-0.0235,False,1-5
w202765836,,9.203,430,0.0242,-0.0288,True,5-10
w202765837,,24.806,509,0.029,-0.045,False,10-40
w227097881,Doddkammanahalli Lake,4.821,295,0.0584,-0.1099,False,1-5
w23000626,Hulimavu Lake,41.148,678,0.0218,-0.048,True,40-100
w231286369,,7.336,294,0.0173,-0.0378,True,5-10
w232880644,,2.895,219,0.0569,-0.1901,False,1-5
w232981265,Ambalipura Lower Lake,2.197,153,0.0096,0.0282,True,1-5
w239873610,,6.281,243,0.0166,-0.0191,True,5-10
w24430851,Gottigere Tank,11.75,423,0.0211,0.0211,True,10-40
w251275243,,8.995,292,0.0311,-0.033,False,5-10
w251505658,Sarjapura Lake,28.129,594,0.0185,0.0183,True,10-40
w251505668,,6.666,269,0.02,0.1057,True,5-10
w251506097,,9.054,441,0.0194,0.0588,True,5-10
w253596652,Bheemanakuppa Lake,32.731,727,0.0281,0.115,False,10-40
w259175023,Yelenahalli Lake,1.205,135,0.0487,0.045,False,1-5
w261178468,Hosakere Lake,19.058,665,0.0131,0.0296,True,10-40
w27993463,Chikka Bellanduru Lake,20.245,427,0.0163,0.1088,True,10-40
w27993527,Carmelaram Lake,2.091,161,0.0309,-0.0596,False,1-5
w27993889,Ambalipura Upper Lake,3.44,185,0.0293,0.0738,False,1-5
w28069711,,41.654,756,0.0879,0.2134,False,40-100
w28069768,,77.545,940,0.035,0.1586,False,40-100
w28076109,Hebbagodi Lake,7.782,323,0.041,0.1093,False,5-10
w28076168,Maragondanahalli Lake,2.491,132,0.1131,0.1438,False,1-5
w28076391,Nanjapura Lake,72.486,952,0.0204,0.0962,True,40-100
w28076443,Bidi Lake,28.258,604,0.0107,0.0525,True,10-40
w28076488,,9.296,314,0.0266,0.0254,False,5-10
w28076551,,1.05,116,0.0413,-0.0228,False,1-5
w28076586,,1.629,120,0.1205,0.0336,False,1-5
w28091209,Yellamallappa Chetty Lake,137.738,1592,0.0189,0.0202,True,100+
w28126428,Byrasandra Lake,2.616,147,0.0547,0.1339,False,1-5
w287327440,Somasundarapalya Lake,2.488,145,0.021,0.0605,True,1-5
w295768760,Kenchanahalli Lake,1.548,145,0.0333,0.0209,False,1-5
w303580998,,3.629,186,0.0257,0.0695,False,1-5
w30414489,Nagawara Lake,29.238,590,0.0402,-0.0185,False,10-40
w324206936;w411050617;w411050619;w411050622;w411050623;w411050624;w411050625;w411050626;w411050627;w411050628;w411050629;w411050630,,2.486,796,0.0281,-0.0064,False,1-5
w326284753,Neraluru Lake,20.31,612,0.0475,0.2547,False,10-40
w326284756,Huskur Lake,37.472,652,0.037,-0.0065,False,10-40
w326284762,Muthanalluru Lake,108.527,1477,0.094,-0.069,False,100+
w326284763,Hennagara Lake,121.303,1607,0.0821,0.0417,False,100+
w326284768,,5.308,291,0.0624,-0.0753,False,5-10
w326284770,,25.309,564,0.0198,0.0487,True,10-40
w331515387,,1.091,381,0.0179,-0.0089,True,1-5
w33300618,Hoodi Lake,7.685,292,0.0536,-0.2323,False,5-10
w33541358,Chunchagatta Lake,6.483,330,0.027,-0.0363,False,5-10
w350094187,,7.773,310,0.0343,0.0127,False,5-10
w350098022,Saul Kere,16.531,394,0.0615,0.0628,False,10-40
w350153647,Parappana Agrahara Lake,4.272,244,0.046,0.0811,False,1-5
w350349745,,1.399,143,0.047,-0.0528,False,1-5
w35927597,Dodda Gubbi Kere,38.544,613,0.0459,-0.099,False,10-40
w35927607,Bidarahalli Lake,24.777,583,0.0329,-0.073,False,10-40
w363083915,,4.413,226,0.0233,0.0231,True,1-5
w367594183,,1.51,326,0.0369,-0.1005,False,1-5
w368323661,Ramakrishnapura Lake,4.469,226,0.0195,0.0465,True,1-5
w368331355;w368331706,Rajapura Lake,26.918,548,0.0165,0.05,True,10-40
w37351648,ISRO Layout Lake,1.695,140,0.0236,0.0202,True,1-5
w37351655,Dore Kere,8.927,299,0.0308,-0.0231,False,5-10
w378405407,,1.082,117,0.0286,0.0093,False,1-5
w37898906,Mallathahalli Lake,12.862,378,0.0764,-0.2322,False,10-40
w380067614,,15.797,439,0.022,0.0266,True,10-40
w380067616,,39.084,653,0.0256,0.0318,False,10-40
w380067625,,20.841,737,0.025,0.0288,False,10-40
w380102739,Nelamangala Kere,19.696,566,0.0263,0.0157,False,10-40
w38047206,Kempambudhi Kere,7.067,311,0.0517,0.111,False,5-10
w395505152,Kengeri Lake,9.787,363,0.0137,-0.0124,True,5-10
w401706558,,4.084,221,0.0294,0.1039,False,1-5
w403081764,Konanakunte Lake,2.037,144,0.0591,0.0158,False,1-5
w41189469,Gowdana Kere,2.482,159,0.0233,-0.0011,True,1-5
w41196197,Hosakerahalli Lake,14.984,405,0.0233,-0.0014,True,10-40
w412909369,Ramagondanahalli Lake,11.272,306,0.0303,-0.038,False,10-40
w412922546,,7.982,251,0.0339,-0.013,False,5-10
w412922548,,8.721,287,0.029,-0.0389,False,5-10
w412929393,,1.77,160,0.0239,0.0013,True,1-5
w412929449,Bingipura Lake,6.983,252,0.0284,-0.0877,False,5-10
w412940006,,4.816,241,0.0351,-0.0458,False,1-5
w413020103,,2.046,174,0.0491,-0.0132,False,1-5
w413020104,,1.224,129,0.0317,-0.0689,False,1-5
w413020105,Amanikere,16.067,448,0.0343,0.0168,False,10-40
w413020106,Mantapura Lake,13.926,413,0.0389,0.0649,False,10-40
w413529791,Singapura Kere,3.047,157,0.0208,0.2233,True,1-5
w41662639,,23.197,516,0.0185,0.0959,True,10-40
w41662642,,64.811,914,0.0357,0.0977,False,40-100
w41662647,Tarabanahalli Lake,21.032,501,0.0631,0.1177,False,10-40
w41662648,Navrathna Agrahara Lake,5.953,260,0.0338,0.0183,False,5-10
w41662649,,40.553,688,0.0304,0.1029,False,40-100
w41662651,,8.002,262,0.0296,0.0425,False,5-10
w41662652,,5.632,254,0.0258,0.1111,False,5-10
w41662655,,17.307,437,0.0181,0.0838,True,10-40
w41662657,,4.736,245,0.0259,-0.0337,False,1-5
w41662658,,23.962,499,0.0119,0.0929,True,10-40
w41662659,Hesaraghatta Lake,598.053,3349,0.0236,0.1048,True,100+
w41667619,Gummanahalli Lake,56.906,880,0.0573,0.097,False,40-100
w41667620,Doddajala Kere,25.675,556,0.0248,0.1804,False,10-40
w41667621,Chikkajala Lake,10.007,437,0.036,0.0314,False,10-40
w41667648,Nagadasanahalli Lake,102.117,1036,0.021,0.1617,True,100+
w41667649,Gantiganahalli Kere,19.843,566,0.0214,0.1328,True,10-40
w41667650,Gantiganahalli Lake,19.954,503,0.0308,0.1677,False,10-40
w41667652,Veerasagara Lake,6.547,328,0.0192,0.0684,True,5-10
w41667653,Singapura Kere,8.083,329,0.015,-0.0579,True,5-10
w41667654,Abbigere Lake,9.427,349,0.0413,-0.152,False,5-10
w41667655,Mylappanahalli Lake,4.287,231,0.0259,-0.0731,False,1-5
w41667656,Kogilu Lake,24.148,520,0.0406,0.0439,False,10-40
w41667728,Hosakote lake,307.297,2353,0.0869,0.0141,False,100+
w41668666,,18.575,500,0.0244,0.0706,True,10-40
w41668667,Dasanapura Kere,14.647,391,0.026,0.0205,False,10-40
w41668668,,2.412,164,0.0345,-0.0224,False,1-5
w41668669,Alur Lake,29.482,613,0.0219,0.0217,True,10-40
w41668781,,5.352,253,0.0454,-0.0022,False,5-10
w41668782,,4.424,204,0.0315,-0.0881,False,1-5
w41669913,,19.593,667,0.0421,-0.0035,False,10-40
w42407836,BEL Lake,5.788,231,0.0288,0.1369,False,5-10
w427568008,,2.301,189,0.0429,0.0573,False,1-5
w42857728,Chikka Gubbi Kere,2.649,180,0.0406,0.1574,False,1-5
w42858281,,4.51,306,0.0142,0.0276,True,1-5
w43102038,Bagaluru Kere,52.893,833,0.043,0.0554,False,40-100
w43364365,,4.523,258,0.0144,0.0674,True,1-5
w43609776,Thirumenahalli Lake,5.664,256,0.0224,0.0819,True,5-10
w43825194,Chokkanahalli Lake,2.026,157,0.0132,0.0725,True,1-5
w43990804,Kattigenahalli Lake,5.464,241,0.0279,-0.0319,False,5-10
w44546800,Kowdenahalli Lake,5.752,295,0.0379,0.1251,False,5-10
w44546801,,1.899,179,0.0524,-0.0777,False,1-5
w44626723,,5.033,222,0.0336,0.0775,False,5-10
w44707273,Horamavu Lake,4.624,246,0.0926,-0.3026,False,1-5
w44707735,,6.639,232,0.0314,-0.0544,False,5-10
w448900751,,19.972,504,0.0433,-0.0857,False,10-40
w44999246,Devasandra lake,4.336,255,0.0212,0.0812,True,1-5
w450584259,,3.392,772,0.0213,0.0417,True,1-5
w45099201,,4.864,284,0.0347,0.0239,False,1-5
w45099209,,1.058,128,0.0287,0.0242,False,1-5
w45468355,,4.223,249,0.0387,0.0878,False,1-5
w45741726,Hosakere,11.941,618,0.0193,0.0176,True,10-40
w45741827,Dubasi Palya Kere,4.091,227,0.0259,0.0091,False,1-5
w457633317,Ganigarahalli Lake,11.142,321,0.026,-0.0246,False,10-40
w45860708,Sheelavathana Kere,4.474,265,0.0212,0.0808,True,1-5
w45921399,Narasappanahalli Lake,17.389,520,0.0283,-0.0258,False,10-40
w45921942,Gangondanahalli Lake,15.6,414,0.0222,0.0689,True,10-40
w45922001,,8.934,299,0.0284,0.0871,False,5-10
w469279276,Kuppareddi Kere,3.423,201,0.0259,0.0503,False,1-5
w472975375,Bagalagunte Lake,2.993,176,0.0177,0.1557,True,1-5
w477154739,Hadosiddapura Lake,5.941,278,0.0348,0.1668,False,5-10
w48876279,,1.392,124,0.0431,0.1019,False,1-5
w502944619,,7.394,297,0.0231,0.1282,True,5-10
w507383156,,6.516,292,0.0521,-0.0667,False,5-10
w54168583,,11.293,319,0.0477,-0.0274,False,10-40
w54168585,,12.213,319,0.0426,0.0142,False,10-40
w54168586,,3.466,167,0.1097,-0.0165,False,1-5
w54168588,Thattaguppe lake,34.866,658,0.0148,0.0416,True,10-40
w54168589,Tharalu Estate Lake,14.364,464,0.0179,0.0476,True,10-40
w54168590,,25.9,722,0.0161,0.0354,True,10-40
w560578739,Hulimangala Lake,20.143,625,0.0289,-0.0101,False,10-40
w560719107,,2.565,193,0.0468,-0.0059,False,1-5
w560721005,Komapana Agrahara Lake,5.332,241,0.012,0.0448,True,5-10
w570606226,,1.3,119,0.0514,-0.0108,False,1-5
w579281807,Prestige Tranquility Lake,2.487,175,0.0382,0.1074,False,1-5
w597564903,Doddabidirakallu Kere,11.469,367,0.0373,-0.1212,False,10-40
w62381586,Kasavanahalli Lake,12.692,379,0.0449,0.0343,False,10-40
w627418163,,1.51,128,0.0194,0.0186,True,1-5
w666261980,,11.172,356,0.0152,-0.0386,True,10-40
w666480244,,5.367,217,0.0247,0.0562,True,5-10
w669794214,,5.654,311,0.0319,0.0908,False,5-10
w673791606,,1.474,122,0.0201,-0.075,True,1-5
w673852352,,3.228,165,0.0456,0.0462,False,1-5
w675250068,Vijinapura Lake,1.676,136,0.0223,-0.0011,True,1-5
w675387107,,4.999,172,0.0432,0.0129,False,1-5
w675669761,,5.806,285,0.0112,0.0142,True,5-10
w675685126,Ramasandra Lake,2.019,141,0.0543,-0.0193,False,1-5
w675685139,Sulikere/ Herekere Lake,41.813,748,0.0142,0.0691,True,40-100
w741691452,,1.094,97,0.0197,0.0007,True,1-5
w750685724,Shivapura Old Lake,1.547,139,0.0303,-0.0879,False,1-5
w75610567,Chikkabanavara Lake,32.294,599,0.08,-0.1839,False,10-40
w779078393,Nagaraesh Nagenahalli Lake,2.007,143,0.0306,-0.1173,False,1-5
w780259624,,2.22,169,0.0266,0.1287,False,1-5
w780259687,,5.875,282,0.0235,0.0314,True,5-10
w781696169,,1.362,130,0.0538,0.0392,False,1-5
w781696180,,2.382,154,0.0542,0.2027,False,1-5
w790389588,Bhoganahalli Lake,3.684,210,0.0288,0.0339,False,1-5
w796362857,,2.148,151,0.0449,0.0031,False,1-5
w796365624,Kumbalagodu Lake,5.22,272,0.0265,0.0059,False,5-10
w845255686,,4.709,198,0.0123,0.0406,True,1-5
w866148184,Pattandur Agrahara Lake,4.527,267,0.0317,-0.0224,False,1-5
w870802287,Konadasapura lake,1.512,150,0.0513,-0.0747,False,1-5
w904374443,Palanahalli Lake,7.31,276,0.0191,0.0638,True,5-10
w926197122,,1.967,173,0.0367,-0.0338,False,1-5
w95639129,Garudacharpalya Lake,1.104,131,0.0084,0.0554,True,1-5
w987608929,Kachanayakanahalli lake,8.721,297,0.0206,-0.0959,True,5-10
w989166321,,3.509,185,0.0157,0.0316,True,1-5
w994901676,Subedharana Lake,3.484,206,0.0315,0.0608,False,1-5
