osm,name,ha,clean_px,scatter,change,readable,size,rank,key,ring_water_2019,ring_water_2020,ring_water_2021,ring_water_2022,ring_water_2023,ring_water_2024,ring_water_2025,ring_water_2026,rank_from_2020
r19353942,Ramapura Kere,51.792,758,0.1353,-0.4188,False,40-100,1,r19353942,0.0,0.0,0.004,0.0,0.0,0.0,0.0,0.0,1
w44707273,Horamavu Lake,4.624,246,0.0926,-0.3026,False,1-5,2,w44707273,0.0,0.0,0.0,0.0,0.0,0.0,0.0,0.0,2
r19579350,Heelalige Lake,6.664,239,0.0806,-0.2896,False,5-10,3,r19579350,0.017,0.05,0.017,0.079,0.05,0.0,0.0,0.0,6
r19751547;w1409994956,Bellandur Lake,315.798,2423,0.0761,-0.2501,False,100+,4,r19751547_w1409994956,0.0,0.0,0.0,0.0,0.0,0.0,0.0,0.0,113
w33300618,Hoodi Lake,7.685,292,0.0536,-0.2323,False,5-10,5,w33300618,0.058,0.058,0.0,0.0,0.0,0.0,0.0,0.0,8
w37898906,Mallathahalli Lake,12.862,378,0.0764,-0.2322,False,10-40,6,w37898906,0.074,0.034,0.0,0.0,0.0,0.0,0.0,0.005,10
w148216683,Gunjuru Lake,20.615,461,0.0499,-0.2144,False,10-40,7,w148216683,0.0,0.0,0.0,0.0,0.0,0.0,0.0,0.0,7
r19306126,Varthur Lake,154.323,1476,0.0886,-0.2047,False,100+,8,r19306126,0.0,0.0,0.0,0.0,0.0,0.0,0.0,0.0,464
w1254929806,,1.355,140,0.0623,-0.1911,False,1-5,9,w1254929806,0.0,0.0,0.0,0.0,0.0,0.0,0.0,0.0,4
w232880644,,2.895,219,0.0569,-0.1901,False,1-5,10,w232880644,0.0,0.0,0.0,0.0,0.0,0.0,0.0,0.0,3
w75610567,Chikkabanavara Lake,32.294,599,0.08,-0.1839,False,10-40,11,w75610567,0.002,0.048,0.005,0.015,0.007,0.027,0.0,0.0,5
w1254929805,Lakshmipura Lake,1.854,160,0.062,-0.174,False,1-5,12,w1254929805,0.0,0.0,0.0,0.0,0.0,0.0,0.0,0.0,11
w1039322029,Medi Agrahara Lake,5.578,278,0.0594,-0.1721,False,5-10,13,w1039322029,0.0,0.0,0.0,0.0,0.0,0.0,0.0,0.0,12
w1176859303,,1.346,128,0.0363,-0.1667,False,1-5,14,w1176859303,0.008,0.062,0.141,0.242,0.375,0.25,0.312,0.398,15
w1110948089,Shikaripalya Lake,1.32,106,0.0413,-0.1568,False,1-5,15,w1110948089,0.0,0.0,0.0,0.0,0.019,0.0,0.0,0.0,19
w41667654,Abbigere Lake,9.427,349,0.0413,-0.152,False,5-10,16,w41667654,0.0,0.0,0.0,0.0,0.0,0.0,0.0,0.0,9
w171771792,Shikaripalya Lake,3.19,177,0.0362,-0.1517,False,1-5,17,w171771792,0.0,0.0,0.0,0.0,0.0,0.0,0.0,0.0,28
w1512678693,Kadiganahalli Tank,3.338,172,0.0721,-0.1455,False,1-5,18,w1512678693,0.0,0.006,0.0,0.0,0.0,0.0,0.0,0.0,14
r14671536;w1210203298;w1210203299,Thubarahalli Lake,7.093,323,0.0445,-0.1449,False,5-10,19,r14671536_w1210203298_w1210203299,0.0,0.0,0.0,0.0,0.028,0.0,0.009,0.0,35
w1178402476,Chittekarepalya Lake,1.096,122,0.0206,-0.1382,True,1-5,20,w1178402476,0.0,0.0,0.0,0.0,0.0,0.0,0.0,0.0,17
w1254929807,Bylakere Lake,5.265,224,0.0538,-0.1347,False,5-10,21,w1254929807,0.0,0.0,0.0,0.0,0.0,0.0,0.0,0.0,22
w130111880,Nallurahalli Lake,8.857,351,0.0596,-0.1294,False,5-10,22,w130111880,0.037,0.031,0.0,0.009,0.009,0.0,0.0,0.0,26
w1118946163,Gubbalala Kere,1.964,153,0.0688,-0.1289,False,1-5,23,w1118946163,0.0,0.0,0.0,0.0,0.0,0.0,0.0,0.0,25
w1077022613,,7.397,286,0.0526,-0.1255,False,5-10,24,w1077022613,0.0,0.0,0.0,0.0,0.0,0.0,0.0,0.0,66
w597564903,Doddabidirakallu Kere,11.469,367,0.0373,-0.1212,False,10-40,25,w597564903,0.0,0.0,0.0,0.0,0.0,0.0,0.0,0.0,201
w779078393,Nagaraesh Nagenahalli Lake,2.007,143,0.0306,-0.1173,False,1-5,26,w779078393,0.0,0.0,0.0,0.0,0.0,0.0,0.0,0.0,43
r3816212,Mathikere Lake,4.315,461,0.0608,-0.1102,False,1-5,27,r3816212,0.0,0.0,0.0,0.0,0.0,0.0,0.0,0.0,18
w172651060,Mylasandra Tank,3.164,184,0.0224,-0.11,True,1-5,28,w172651060,0.0,0.0,0.0,0.0,0.005,0.0,0.0,0.0,70
w227097881,Doddkammanahalli Lake,4.821,295,0.0584,-0.1099,False,1-5,29,w227097881,0.0,0.0,0.0,0.0,0.0,0.0,0.0,0.0,13
w170311560,Yarandahalli Kere,3.232,190,0.0267,-0.1005,False,1-5,30,w170311560,0.0,0.0,0.0,0.0,0.0,0.0,0.0,0.0,48
w367594183,,1.51,326,0.0369,-0.1005,False,1-5,31,w367594183,0.0,0.0,0.0,0.0,0.0,0.0,0.0,0.0,23
w35927597,Dodda Gubbi Kere,38.544,613,0.0459,-0.099,False,10-40,32,w35927597,0.0,0.0,0.0,0.0,0.0,0.0,0.005,0.003,38
w171780901,,6.593,263,0.0859,-0.0973,False,5-10,33,w171780901,0.0,0.0,0.0,0.0,0.0,0.0,0.0,0.0,111
w987608929,Kachanayakanahalli lake,8.721,297,0.0206,-0.0959,True,5-10,34,w987608929,0.0,0.0,0.0,0.0,0.0,0.0,0.0,0.0,59
r19509700,Arekere Lake,7.523,313,0.0322,-0.0957,False,5-10,35,r19509700,0.0,0.0,0.0,0.0,0.0,0.0,0.0,0.0,39
r15546653;w170333546,Kitthiganahalli Bommasandra Lake,7.551,289,0.0935,-0.0945,False,5-10,36,r15546653_w170333546,0.003,0.003,0.0,0.0,0.0,0.0,0.0,0.0,36
r19470041,Thalaghattapura Lake,4.078,261,0.0601,-0.0935,False,1-5,37,r19470041,0.0,0.0,0.0,0.0,0.0,0.0,0.0,0.0,46
w1189065715,,3.88,262,0.0704,-0.0908,False,1-5,38,w1189065715,0.0,0.0,0.0,0.0,0.0,0.0,0.0,0.0,124
w1180240726,,4.086,256,0.0241,-0.0905,True,1-5,39,w1180240726,0.0,0.0,0.0,0.0,0.0,0.0,0.0,0.0,120
w41668782,,4.424,204,0.0315,-0.0881,False,1-5,40,w41668782,0.0,0.0,0.0,0.0,0.0,0.0,0.0,0.0,51
